airline,A,B,lat_A,lon_A,country_A,lat_B,lon_B,country_B,color,AB
UA,EWR,TPA,40.6925,-74.1687,US,27.9755,-82.5332,US,#6cff7d,EWR_TPA
UA,LAX,PHX,33.9425,-118.4081,US,33.4342,-112.0115,US,#00ffff,LAX_PHX
UA,DEN,XWA,39.8617,-104.6732,US,48.1535,-103.4502,US,#ffff00,DEN_XWA
UA,EWR,OMA,40.6925,-74.1687,US,41.3032,-95.8941,US,#6cff7d,EWR_OMA
UA,CLE,IAH,41.4117,-81.8498,US,29.9844,-95.3414,US,#ffa500,CLE_IAH
UA,IAD,RSW,38.9445,-77.4558,US,26.5362,-81.7552,US,#fd68b3,IAD_RSW
UA,IAH,XNA,29.9844,-95.3414,US,36.2819,-94.3068,US,#ffa500,IAH_XNA
UA,DEN,SUN,39.8617,-104.6732,US,43.5044,-114.2962,US,#ffff00,DEN_SUN
UA,ORD,SCE,41.9786,-87.9048,US,40.8493,-77.8487,US,#ff0000,ORD_SCE
UA,LAX,EUG,33.9425,-118.4081,US,44.1245,-123.212,US,#00ffff,LAX_EUG
UA,LAX,ORD,33.9425,-118.4081,US,41.9786,-87.9048,US,white,LAX_ORD
UA,IAH,AUS,29.9844,-95.3414,US,30.195,-97.67,US,#ffa500,IAH_AUS
UA,ORD,ASE,41.9786,-87.9048,US,39.2232,-106.8688,US,#ff0000,ORD_ASE
UA,ORD,DEC,41.9786,-87.9048,US,39.8347,-88.8663,US,#ff0000,ORD_DEC
UA,DEN,LAR,39.8617,-104.6732,US,41.3119,-105.675,US,#ffff00,DEN_LAR
UA,DEN,LAS,39.8617,-104.6732,US,36.0804,-115.1523,US,#ffff00,DEN_LAS
UA,SFO,MMH,37.6189,-122.3749,US,37.624,-118.8378,US,#426ae1,SFO_MMH
UA,DEN,OGG,39.8617,-104.6732,US,20.8987,-156.4305,US,#ffff00,DEN_OGG
UA,DEN,MCO,39.8617,-104.6732,US,28.4294,-81.309,US,#ffff00,DEN_MCO
UA,LAX,ACV,33.9425,-118.4081,US,40.9781,-124.1086,US,#00ffff,LAX_ACV
UA,DEN,SYR,39.8617,-104.6732,US,43.1112,-76.1063,US,#ffff00,DEN_SYR
UA,IAH,CMH,29.9844,-95.3414,US,39.998,-82.8919,US,#ffa500,IAH_CMH
UA,IAD,ATL,38.9445,-77.4558,US,33.6367,-84.4281,US,#fd68b3,IAD_ATL
UA,SFO,LIH,37.6189,-122.3749,US,21.976,-159.339,US,#426ae1,SFO_LIH
UA,ORD,TPA,41.9786,-87.9048,US,27.9755,-82.5332,US,#ff0000,ORD_TPA
UA,EWR,SEA,40.6925,-74.1687,US,47.449,-122.3093,US,#6cff7d,EWR_SEA
UA,IAD,SRQ,38.9445,-77.4558,US,27.3954,-82.5543,US,#fd68b3,IAD_SRQ
UA,DEN,FLG,39.8617,-104.6732,US,35.1386,-111.6711,US,#ffff00,DEN_FLG
UA,DEN,ATY,39.8617,-104.6732,US,44.914,-97.1547,US,#ffff00,DEN_ATY
UA,ORD,FNT,41.9786,-87.9048,US,42.9654,-83.7436,US,#ff0000,ORD_FNT
UA,DEN,MSP,39.8617,-104.6732,US,44.882,-93.2218,US,#ffff00,DEN_MSP
UA,ORD,MKE,41.9786,-87.9048,US,42.9472,-87.8966,US,#ff0000,ORD_MKE
UA,ORD,MDT,41.9786,-87.9048,US,40.1935,-76.7633,US,#ff0000,ORD_MDT
UA,ORD,SAV,41.9786,-87.9048,US,32.1277,-81.2021,US,#ff0000,ORD_SAV
UA,LAX,LAS,33.9425,-118.4081,US,36.0804,-115.1523,US,#00ffff,LAX_LAS
UA,DEN,GRR,39.8617,-104.6732,US,42.8808,-85.5228,US,#ffff00,DEN_GRR
UA,CLE,IAD,41.4117,-81.8498,US,38.9445,-77.4558,US,#fd68b3,CLE_IAD
UA,DEN,TPA,39.8617,-104.6732,US,27.9755,-82.5332,US,#ffff00,DEN_TPA
UA,SFO,MFR,37.6189,-122.3749,US,42.3742,-122.8734,US,#426ae1,SFO_MFR
UA,IAH,AEX,29.9844,-95.3414,US,31.3274,-92.5486,US,#ffa500,IAH_AEX
UA,SFO,SNA,37.6189,-122.3749,US,33.6756,-117.8682,US,#426ae1,SFO_SNA
UA,DEN,AUS,39.8617,-104.6732,US,30.195,-97.67,US,#ffff00,DEN_AUS
UA,ORD,PBI,41.9786,-87.9048,US,26.6832,-80.0956,US,#ff0000,ORD_PBI
UA,EWR,PHX,40.6925,-74.1687,US,33.4342,-112.0115,US,#6cff7d,EWR_PHX
UA,DEN,SLC,39.8617,-104.6732,US,40.7884,-111.9778,US,#ffff00,DEN_SLC
UA,IAH,CLT,29.9844,-95.3414,US,35.214,-80.9431,US,#ffa500,IAH_CLT
UA,DEN,RNO,39.8617,-104.6732,US,39.4991,-119.7681,US,#ffff00,DEN_RNO
UA,EWR,STL,40.6925,-74.1687,US,38.7487,-90.37,US,#6cff7d,EWR_STL
UA,SFO,MSN,37.6189,-122.3749,US,43.1399,-89.3375,US,#426ae1,SFO_MSN
UA,ORD,HPN,41.9786,-87.9048,US,41.067,-73.7076,US,#ff0000,ORD_HPN
UA,SFO,ACV,37.6189,-122.3749,US,40.9781,-124.1086,US,#426ae1,SFO_ACV
UA,ORD,BOI,41.9786,-87.9048,US,43.5644,-116.2228,US,#ff0000,ORD_BOI
UA,ORD,FAT,41.9786,-87.9048,US,36.7762,-119.7181,US,#ff0000,ORD_FAT
UA,IAD,AUS,38.9445,-77.4558,US,30.195,-97.67,US,#fd68b3,IAD_AUS
UA,ORD,BDL,41.9786,-87.9048,US,41.9389,-72.6832,US,#ff0000,ORD_BDL
UA,IAD,CHO,38.9445,-77.4558,US,38.1386,-78.4529,US,#fd68b3,IAD_CHO
UA,DEN,CLT,39.8617,-104.6732,US,35.214,-80.9431,US,#ffff00,DEN_CLT
UA,DEN,BUR,39.8617,-104.6732,US,34.2006,-118.3587,US,#ffff00,DEN_BUR
UA,IAD,LAX,38.9445,-77.4558,US,33.9425,-118.4081,US,white,IAD_LAX
UA,DEN,DSM,39.8617,-104.6732,US,41.5341,-93.6506,US,#ffff00,DEN_DSM
UA,DEN,MEM,39.8617,-104.6732,US,35.0435,-89.9767,US,#ffff00,DEN_MEM
UA,DEN,MFR,39.8617,-104.6732,US,42.3742,-122.8734,US,#ffff00,DEN_MFR
UA,IAD,AVL,38.9445,-77.4558,US,35.4367,-82.5417,US,#fd68b3,IAD_AVL
UA,DEN,RIW,39.8617,-104.6732,US,43.0642,-108.4598,US,#ffff00,DEN_RIW
UA,IAD,CAE,38.9445,-77.4558,US,33.9387,-81.1195,US,#fd68b3,IAD_CAE
UA,ORD,GRR,41.9786,-87.9048,US,42.8808,-85.5228,US,#ff0000,ORD_GRR
UA,EWR,ALB,40.6925,-74.1687,US,42.7483,-73.8017,US,#6cff7d,EWR_ALB
UA,IAH,OKC,29.9844,-95.3414,US,35.3931,-97.6007,US,#ffa500,IAH_OKC
UA,IAH,ASE,29.9844,-95.3414,US,39.2232,-106.8688,US,#ffa500,IAH_ASE
UA,ORD,DSM,41.9786,-87.9048,US,41.5341,-93.6506,US,#ff0000,ORD_DSM
UA,IAD,ALB,38.9445,-77.4558,US,42.7483,-73.8017,US,#fd68b3,IAD_ALB
UA,ORD,FAR,41.9786,-87.9048,US,46.9207,-96.8158,US,#ff0000,ORD_FAR
UA,IAD,MIA,38.9445,-77.4558,US,25.7933,-80.2906,US,#fd68b3,IAD_MIA
UA,DEN,SAT,39.8617,-104.6732,US,29.5337,-98.4698,US,#ffff00,DEN_SAT
UA,IAH,TUS,29.9844,-95.3414,US,32.1161,-110.941,US,#ffa500,IAH_TUS
UA,IAH,CHS,29.9844,-95.3414,US,32.8986,-80.0405,US,#ffa500,IAH_CHS
UA,SFO,BOI,37.6189,-122.3749,US,43.5644,-116.2228,US,#426ae1,SFO_BOI
UA,IAD,FLL,38.9445,-77.4558,US,26.0727,-80.1527,US,#fd68b3,IAD_FLL
UA,LAX,KOA,33.9425,-118.4081,US,19.7389,-156.0457,US,#00ffff,LAX_KOA
UA,EWR,CMH,40.6925,-74.1687,US,39.998,-82.8919,US,#6cff7d,EWR_CMH
UA,CLE,SFO,41.4117,-81.8498,US,37.6189,-122.3749,US,#426ae1,CLE_SFO
UA,ORD,BUF,41.9786,-87.9048,US,42.9405,-78.7322,US,#ff0000,ORD_BUF
UA,DEN,ANC,39.8617,-104.6732,US,61.1744,-149.9964,US,#ffff00,DEN_ANC
UA,ORD,SLN,41.9786,-87.9048,US,38.791,-97.6522,US,#ff0000,ORD_SLN
UA,SFO,SEA,37.6189,-122.3749,US,47.449,-122.3093,US,#426ae1,SFO_SEA
UA,ORD,CVG,41.9786,-87.9048,US,39.0488,-84.6678,US,#ff0000,ORD_CVG
UA,IAH,CHA,29.9844,-95.3414,US,35.0353,-85.2038,US,#ffa500,IAH_CHA
UA,ORD,SFO,41.9786,-87.9048,US,37.6189,-122.3749,US,white,ORD_SFO
UA,EWR,SAV,40.6925,-74.1687,US,32.1277,-81.2021,US,#6cff7d,EWR_SAV
UA,DEN,LAX,39.8617,-104.6732,US,33.9425,-118.4081,US,white,DEN_LAX
UA,EWR,LAS,40.6925,-74.1687,US,36.0804,-115.1523,US,#6cff7d,EWR_LAS
UA,IAH,PIT,29.9844,-95.3414,US,40.4915,-80.2329,US,#ffa500,IAH_PIT
UA,ORD,DAY,41.9786,-87.9048,US,39.9024,-84.2194,US,#ff0000,ORD_DAY
UA,SFO,SMF,37.6189,-122.3749,US,38.6954,-121.5908,US,#426ae1,SFO_SMF
UA,SFO,GEG,37.6189,-122.3749,US,47.6198,-117.5337,US,#426ae1,SFO_GEG
UA,ORD,AVL,41.9786,-87.9048,US,35.4367,-82.5417,US,#ff0000,ORD_AVL
UA,EWR,SDF,40.6925,-74.1687,US,38.1744,-85.736,US,#6cff7d,EWR_SDF
UA,EWR,BNA,40.6925,-74.1687,US,36.1245,-86.6782,US,#6cff7d,EWR_BNA
UA,IAH,RNO,29.9844,-95.3414,US,39.4991,-119.7681,US,#ffa500,IAH_RNO
UA,IAH,BOI,29.9844,-95.3414,US,43.5644,-116.2228,US,#ffa500,IAH_BOI
UA,EWR,MIA,40.6925,-74.1687,US,25.7933,-80.2906,US,#6cff7d,EWR_MIA
UA,IAH,SHV,29.9844,-95.3414,US,32.4466,-93.8256,US,#ffa500,IAH_SHV
UA,DEN,SHR,39.8617,-104.6732,US,44.7692,-106.9803,US,#ffff00,DEN_SHR
UA,SFO,RDD,37.6189,-122.3749,US,40.509,-122.2934,US,#426ae1,SFO_RDD
UA,IAD,PHX,38.9445,-77.4558,US,33.4342,-112.0115,US,#fd68b3,IAD_PHX
UA,DEN,RIC,39.8617,-104.6732,US,37.5052,-77.3197,US,#ffff00,DEN_RIC
UA,ORD,FWA,41.9786,-87.9048,US,40.9785,-85.1951,US,#ff0000,ORD_FWA
UA,DEN,MRY,39.8617,-104.6732,US,36.587,-121.8429,US,#ffff00,DEN_MRY
UA,IAH,LFT,29.9844,-95.3414,US,30.2052,-91.9876,US,#ffa500,IAH_LFT
UA,DEN,LIH,39.8617,-104.6732,US,21.976,-159.339,US,#ffff00,DEN_LIH
UA,IAH,LCH,29.9844,-95.3414,US,30.1261,-93.2234,US,#ffa500,IAH_LCH
UA,HNL,DEN,21.3187,-157.9224,US,39.8617,-104.6732,US,#ffff00,HNL_DEN
UA,ORD,EAU,41.9786,-87.9048,US,44.8658,-91.4843,US,#ff0000,ORD_EAU
UA,IAH,ORD,29.9844,-95.3414,US,41.9786,-87.9048,US,white,IAH_ORD
UA,SFO,FAT,37.6189,-122.3749,US,36.7762,-119.7181,US,#426ae1,SFO_FAT
UA,ORD,OGG,41.9786,-87.9048,US,20.8987,-156.4305,US,#ff0000,ORD_OGG
UA,DEN,SNA,39.8617,-104.6732,US,33.6756,-117.8682,US,#ffff00,DEN_SNA
UA,SFO,PSC,37.6189,-122.3749,US,46.2646,-119.119,US,#426ae1,SFO_PSC
UA,DEN,LBF,39.8617,-104.6732,US,41.1262,-100.6837,US,#ffff00,DEN_LBF
UA,CLE,DEN,41.4117,-81.8498,US,39.8617,-104.6732,US,#ffff00,CLE_DEN
UA,LAX,SAT,33.9425,-118.4081,US,29.5337,-98.4698,US,#00ffff,LAX_SAT
UA,ORD,PVD,41.9786,-87.9048,US,41.724,-71.4282,US,#ff0000,ORD_PVD
UA,IAD,ORF,38.9445,-77.4558,US,36.8946,-76.2012,US,#fd68b3,IAD_ORF
UA,IAH,COS,29.9844,-95.3414,US,38.8058,-104.7002,US,#ffa500,IAH_COS
UA,ORD,CHO,41.9786,-87.9048,US,38.1386,-78.4529,US,#ff0000,ORD_CHO
UA,ORD,SPI,41.9786,-87.9048,US,39.844,-89.6778,US,#ff0000,ORD_SPI
UA,HNL,LAX,21.3187,-157.9224,US,33.9425,-118.4081,US,#00ffff,HNL_LAX
UA,EWR,IAD,40.6925,-74.1687,US,38.9445,-77.4558,US,white,EWR_IAD
UA,IAD,LWB,38.9445,-77.4558,US,37.8583,-80.3995,US,#fd68b3,IAD_LWB
UA,EWR,MSY,40.6925,-74.1687,US,29.9934,-90.258,US,#6cff7d,EWR_MSY
UA,IAH,SGF,29.9844,-95.3414,US,37.2443,-93.3886,US,#ffa500,IAH_SGF
UA,CLE,MCO,41.4117,-81.8498,US,28.4294,-81.309,US,gray,CLE_MCO
UA,IAD,ORD,38.9445,-77.4558,US,41.9786,-87.9048,US,white,IAD_ORD
UA,DEN,CPR,39.8617,-104.6732,US,42.9079,-106.4643,US,#ffff00,DEN_CPR
UA,ORD,PHX,41.9786,-87.9048,US,33.4342,-112.0115,US,#ff0000,ORD_PHX
UA,EWR,SAT,40.6925,-74.1687,US,29.5337,-98.4698,US,#6cff7d,EWR_SAT
UA,DEN,CHS,39.8617,-104.6732,US,32.8986,-80.0405,US,#ffff00,DEN_CHS
UA,ORD,EUG,41.9786,-87.9048,US,44.1245,-123.212,US,#ff0000,ORD_EUG
UA,IAH,MEM,29.9844,-95.3414,US,35.0435,-89.9767,US,#ffa500,IAH_MEM
UA,DEN,GTF,39.8617,-104.6732,US,47.482,-111.3707,US,#ffff00,DEN_GTF
UA,SFO,PSP,37.6189,-122.3749,US,33.8296,-116.5067,US,#426ae1,SFO_PSP
UA,IAH,STL,29.9844,-95.3414,US,38.7487,-90.37,US,#ffa500,IAH_STL
UA,ORD,ILM,41.9786,-87.9048,US,34.2706,-77.9025,US,#ff0000,ORD_ILM
UA,DEN,DRO,39.8617,-104.6732,US,37.1517,-107.7533,US,#ffff00,DEN_DRO
UA,EWR,EGE,40.6925,-74.1687,US,39.6425,-106.9176,US,#6cff7d,EWR_EGE
UA,EWR,GSP,40.6925,-74.1687,US,34.8956,-82.2188,US,#6cff7d,EWR_GSP
UA,DEN,ATW,39.8617,-104.6732,US,44.2581,-88.5191,US,#ffff00,DEN_ATW
UA,DEN,PRC,39.8617,-104.6732,US,34.6545,-112.4196,US,#ffff00,DEN_PRC
UA,DEN,EAR,39.8617,-104.6732,US,40.7238,-99.0068,US,#ffff00,DEN_EAR
UA,ORD,RST,41.9786,-87.9048,US,43.9083,-92.5,US,#ff0000,ORD_RST
UA,DEN,DTW,39.8617,-104.6732,US,42.2124,-83.3534,US,#ffff00,DEN_DTW
UA,IAH,MOB,29.9844,-95.3414,US,30.6912,-88.2428,US,#ffa500,IAH_MOB
UA,LAX,MFR,33.9425,-118.4081,US,42.3742,-122.8734,US,#00ffff,LAX_MFR
UA,SFO,ABQ,37.6189,-122.3749,US,35.0402,-106.6092,US,#426ae1,SFO_ABQ
UA,IAD,SMF,38.9445,-77.4558,US,38.6954,-121.5908,US,#fd68b3,IAD_SMF
UA,EWR,PQI,40.6925,-74.1687,US,46.6883,-68.045,US,#6cff7d,EWR_PQI
UA,DEN,MAF,39.8617,-104.6732,US,31.9425,-102.202,US,#ffff00,DEN_MAF
UA,SFO,DTW,37.6189,-122.3749,US,42.2124,-83.3534,US,#426ae1,SFO_DTW
UA,EWR,ORD,40.6925,-74.1687,US,41.9786,-87.9048,US,white,EWR_ORD
UA,LAX,BOI,33.9425,-118.4081,US,43.5644,-116.2228,US,#00ffff,LAX_BOI
UA,IAH,ABQ,29.9844,-95.3414,US,35.0402,-106.6092,US,#ffa500,IAH_ABQ
UA,IAH,LAX,29.9844,-95.3414,US,33.9425,-118.4081,US,white,IAH_LAX
UA,IAH,DTW,29.9844,-95.3414,US,42.2124,-83.3534,US,#ffa500,IAH_DTW
UA,SFO,STS,37.6189,-122.3749,US,38.509,-122.8129,US,#426ae1,SFO_STS
UA,EWR,FLL,40.6925,-74.1687,US,26.0727,-80.1527,US,#6cff7d,EWR_FLL
UA,ORD,MBS,41.9786,-87.9048,US,43.5331,-84.0797,US,#ff0000,ORD_MBS
UA,EWR,CAK,40.6925,-74.1687,US,40.916,-81.4421,US,#6cff7d,EWR_CAK
UA,ORD,LNK,41.9786,-87.9048,US,40.851,-96.7592,US,#ff0000,ORD_LNK
UA,SFO,TPA,37.6189,-122.3749,US,27.9755,-82.5332,US,#426ae1,SFO_TPA
UA,ORD,PIA,41.9786,-87.9048,US,40.6642,-89.6933,US,#ff0000,ORD_PIA
UA,SFO,MRY,37.6189,-122.3749,US,36.587,-121.8429,US,#426ae1,SFO_MRY
UA,SFO,SAN,37.6189,-122.3749,US,32.7336,-117.1897,US,#426ae1,SFO_SAN
UA,ORD,LIT,41.9786,-87.9048,US,34.7294,-92.2242,US,#ff0000,ORD_LIT
UA,ORD,SLC,41.9786,-87.9048,US,40.7884,-111.9778,US,#ff0000,ORD_SLC
UA,ORD,PWM,41.9786,-87.9048,US,43.6462,-70.3093,US,#ff0000,ORD_PWM
UA,DEN,RSW,39.8617,-104.6732,US,26.5362,-81.7552,US,#ffff00,DEN_RSW
UA,SFO,PHX,37.6189,-122.3749,US,33.4342,-112.0115,US,#426ae1,SFO_PHX
UA,DEN,BZN,39.8617,-104.6732,US,45.7775,-111.153,US,#ffff00,DEN_BZN
UA,ORD,ERI,41.9786,-87.9048,US,42.0819,-80.1761,US,#ff0000,ORD_ERI
UA,DEN,SGF,39.8617,-104.6732,US,37.2443,-93.3886,US,#ffff00,DEN_SGF
UA,SFO,RDU,37.6189,-122.3749,US,35.8777,-78.7875,US,#426ae1,SFO_RDU
UA,ORD,OGS,41.9786,-87.9048,US,44.6819,-75.4656,US,#ff0000,ORD_OGS
UA,DEN,CYS,39.8617,-104.6732,US,41.1557,-104.8118,US,#ffff00,DEN_CYS
UA,HNL,ORD,21.3187,-157.9224,US,41.9786,-87.9048,US,#ff0000,HNL_ORD
UA,SFO,MIA,37.6189,-122.3749,US,25.7933,-80.2906,US,#426ae1,SFO_MIA
UA,DEN,COD,39.8617,-104.6732,US,44.5202,-109.0238,US,#ffff00,DEN_COD
UA,CLE,ORD,41.4117,-81.8498,US,41.9786,-87.9048,US,#ff0000,CLE_ORD
UA,ORD,AVP,41.9786,-87.9048,US,41.3384,-75.7234,US,#ff0000,ORD_AVP
UA,LAX,FAT,33.9425,-118.4081,US,36.7762,-119.7181,US,#00ffff,LAX_FAT
UA,SFO,BUR,37.6189,-122.3749,US,34.2006,-118.3587,US,#426ae1,SFO_BUR
UA,SFO,OMA,37.6189,-122.3749,US,41.3032,-95.8941,US,#426ae1,SFO_OMA
UA,DEN,PIR,39.8617,-104.6732,US,44.3827,-100.286,US,#ffff00,DEN_PIR
UA,SFO,KOA,37.6189,-122.3749,US,19.7389,-156.0457,US,#426ae1,SFO_KOA
UA,IAH,RIC,29.9844,-95.3414,US,37.5052,-77.3197,US,#ffa500,IAH_RIC
UA,EWR,CVG,40.6925,-74.1687,US,39.0488,-84.6678,US,#6cff7d,EWR_CVG
UA,DEN,BFF,39.8617,-104.6732,US,41.874,-103.5956,US,#ffff00,DEN_BFF
UA,ORD,JAN,41.9786,-87.9048,US,32.3111,-90.0759,US,#ff0000,ORD_JAN
UA,LAX,RNO,33.9425,-118.4081,US,39.4991,-119.7681,US,#00ffff,LAX_RNO
UA,ORD,MIA,41.9786,-87.9048,US,25.7933,-80.2906,US,#ff0000,ORD_MIA
UA,IAD,SHD,38.9445,-77.4558,US,38.2638,-78.8964,US,#fd68b3,IAD_SHD
UA,ORD,SBN,41.9786,-87.9048,US,41.7086,-86.3172,US,#ff0000,ORD_SBN
UA,DEN,EUG,39.8617,-104.6732,US,44.1245,-123.212,US,#ffff00,DEN_EUG
UA,ORD,PDX,41.9786,-87.9048,US,45.5887,-122.5975,US,#ff0000,ORD_PDX
UA,DEN,MIA,39.8617,-104.6732,US,25.7933,-80.2906,US,#ffff00,DEN_MIA
UA,IAH,SFO,29.9844,-95.3414,US,37.6189,-122.3749,US,white,IAH_SFO
UA,HNL,IAD,21.3187,-157.9224,US,38.9445,-77.4558,US,#fd68b3,HNL_IAD
UA,SFO,MCI,37.6189,-122.3749,US,39.2976,-94.7139,US,#426ae1,SFO_MCI
UA,ORD,MCO,41.9786,-87.9048,US,28.4294,-81.309,US,#ff0000,ORD_MCO
UA,EWR,BZN,40.6925,-74.1687,US,45.7775,-111.153,US,#6cff7d,EWR_BZN
UA,IAH,VPS,29.9844,-95.3414,US,30.4833,-86.5253,US,#ffa500,IAH_VPS
UA,IAH,FLL,29.9844,-95.3414,US,26.0727,-80.1527,US,#ffa500,IAH_FLL
UA,EWR,EYW,40.6925,-74.1687,US,24.5562,-81.7595,US,#6cff7d,EWR_EYW
UA,EWR,DCA,40.6925,-74.1687,US,38.8521,-77.0377,US,#6cff7d,EWR_DCA
UA,ORD,COU,41.9786,-87.9048,US,38.8183,-92.22,US,#ff0000,ORD_COU
UA,DEN,MTJ,39.8617,-104.6732,US,38.5098,-107.8942,US,#ffff00,DEN_MTJ
UA,DEN,EGE,39.8617,-104.6732,US,39.6425,-106.9176,US,#ffff00,DEN_EGE
UA,IAD,STL,38.9445,-77.4558,US,38.7487,-90.37,US,#fd68b3,IAD_STL
UA,CLE,LAX,41.4117,-81.8498,US,33.9425,-118.4081,US,#00ffff,CLE_LAX
UA,IAH,TYS,29.9844,-95.3414,US,35.8109,-83.994,US,#ffa500,IAH_TYS
UA,LAX,COS,33.9425,-118.4081,US,38.8058,-104.7002,US,#00ffff,LAX_COS
UA,DEN,BIL,39.8617,-104.6732,US,45.8077,-108.5429,US,#ffff00,DEN_BIL
UA,IAD,MDT,38.9445,-77.4558,US,40.1935,-76.7633,US,#fd68b3,IAD_MDT
UA,LAX,ITO,33.9425,-118.4081,US,19.7203,-155.0485,US,#00ffff,LAX_ITO
UA,IAD,RDU,38.9445,-77.4558,US,35.8777,-78.7875,US,#fd68b3,IAD_RDU
UA,ORD,BIS,41.9786,-87.9048,US,46.774,-100.7467,US,#ff0000,ORD_BIS
UA,DEN,DIK,39.8617,-104.6732,US,46.7967,-102.8017,US,#ffff00,DEN_DIK
UA,IAH,LAS,29.9844,-95.3414,US,36.0804,-115.1523,US,#ffa500,IAH_LAS
UA,DEN,PSC,39.8617,-104.6732,US,46.2646,-119.119,US,#ffff00,DEN_PSC
UA,HNL,EWR,21.3187,-157.9224,US,40.6925,-74.1687,US,#6cff7d,HNL_EWR
UA,EWR,BGR,40.6925,-74.1687,US,44.8074,-68.8281,US,#6cff7d,EWR_BGR
UA,CLE,DCA,41.4117,-81.8498,US,38.8521,-77.0377,US,gray,CLE_DCA
UA,IAD,MCI,38.9445,-77.4558,US,39.2976,-94.7139,US,#fd68b3,IAD_MCI
UA,ORD,ATY,41.9786,-87.9048,US,44.914,-97.1547,US,#ff0000,ORD_ATY
UA,LAX,RDD,33.9425,-118.4081,US,40.509,-122.2934,US,#00ffff,LAX_RDD
UA,EWR,ROC,40.6925,-74.1687,US,43.1189,-77.6724,US,#6cff7d,EWR_ROC
UA,IAD,MSP,38.9445,-77.4558,US,44.882,-93.2218,US,#fd68b3,IAD_MSP
UA,ORD,STL,41.9786,-87.9048,US,38.7487,-90.37,US,#ff0000,ORD_STL
UA,ORD,AUS,41.9786,-87.9048,US,30.195,-97.67,US,#ff0000,ORD_AUS
UA,LAX,SMF,33.9425,-118.4081,US,38.6954,-121.5908,US,#00ffff,LAX_SMF
UA,IAH,LEX,29.9844,-95.3414,US,38.0365,-84.6059,US,#ffa500,IAH_LEX
UA,ORD,HSV,41.9786,-87.9048,US,34.6372,-86.7751,US,#ff0000,ORD_HSV
UA,IAD,IND,38.9445,-77.4558,US,39.7173,-86.2944,US,#fd68b3,IAD_IND
UA,DEN,GJT,39.8617,-104.6732,US,39.1224,-108.5267,US,#ffff00,DEN_GJT
UA,DEN,MLI,39.8617,-104.6732,US,41.4485,-90.5075,US,#ffff00,DEN_MLI
UA,IAD,PVD,38.9445,-77.4558,US,41.724,-71.4282,US,#fd68b3,IAD_PVD
UA,IAH,ORF,29.9844,-95.3414,US,36.8946,-76.2012,US,#ffa500,IAH_ORF
UA,ORD,ABQ,41.9786,-87.9048,US,35.0402,-106.6092,US,#ff0000,ORD_ABQ
UA,IAH,GSP,29.9844,-95.3414,US,34.8956,-82.2188,US,#ffa500,IAH_GSP
UA,EWR,CLT,40.6925,-74.1687,US,35.214,-80.9431,US,#6cff7d,EWR_CLT
UA,IAD,PDX,38.9445,-77.4558,US,45.5887,-122.5975,US,#fd68b3,IAD_PDX
UA,DEN,GUC,39.8617,-104.6732,US,38.5339,-106.933,US,#ffff00,DEN_GUC
UA,SFO,DCA,37.6189,-122.3749,US,38.8521,-77.0377,US,#426ae1,SFO_DCA
UA,EWR,DTW,40.6925,-74.1687,US,42.2124,-83.3534,US,#6cff7d,EWR_DTW
UA,SFO,EUG,37.6189,-122.3749,US,44.1245,-123.212,US,#426ae1,SFO_EUG
UA,ORD,PHL,41.9786,-87.9048,US,39.8719,-75.2411,US,#ff0000,ORD_PHL
UA,DEN,SJC,39.8617,-104.6732,US,37.3627,-121.9291,US,#ffff00,DEN_SJC
UA,IAH,CLL,29.9844,-95.3414,US,30.5885,-96.3637,US,#ffa500,IAH_CLL
UA,IAD,TPA,38.9445,-77.4558,US,27.9755,-82.5332,US,#fd68b3,IAD_TPA
UA,ORD,LEX,41.9786,-87.9048,US,38.0365,-84.6059,US,#ff0000,ORD_LEX
UA,ORD,BNA,41.9786,-87.9048,US,36.1245,-86.6782,US,#ff0000,ORD_BNA
UA,ORD,EVV,41.9786,-87.9048,US,38.037,-87.5324,US,#ff0000,ORD_EVV
UA,DEN,HDN,39.8617,-104.6732,US,40.5203,-107.3047,US,#ffff00,DEN_HDN
UA,SFO,AUS,37.6189,-122.3749,US,30.195,-97.67,US,#426ae1,SFO_AUS
UA,IAH,ICT,29.9844,-95.3414,US,37.6499,-97.4331,US,#ffa500,IAH_ICT
UA,DEN,LNK,39.8617,-104.6732,US,40.851,-96.7592,US,#ffff00,DEN_LNK
UA,IAH,GRR,29.9844,-95.3414,US,42.8808,-85.5228,US,#ffa500,IAH_GRR
UA,DEN,KOA,39.8617,-104.6732,US,19.7389,-156.0457,US,#ffff00,DEN_KOA
UA,IAH,CVG,29.9844,-95.3414,US,39.0488,-84.6678,US,#ffa500,IAH_CVG
UA,IAH,BOS,29.9844,-95.3414,US,42.3643,-71.0052,US,#ffa500,IAH_BOS
UA,EWR,AUS,40.6925,-74.1687,US,30.195,-97.67,US,#6cff7d,EWR_AUS
UA,DEN,HOB,39.8617,-104.6732,US,32.6875,-103.2169,US,#ffff00,DEN_HOB
UA,ORD,CID,41.9786,-87.9048,US,41.8847,-91.7108,US,#ff0000,ORD_CID
UA,LAX,OGG,33.9425,-118.4081,US,20.8987,-156.4305,US,#00ffff,LAX_OGG
UA,DEN,DFW,39.8617,-104.6732,US,32.8968,-97.038,US,#ffff00,DEN_DFW
UA,DEN,XNA,39.8617,-104.6732,US,36.2819,-94.3068,US,#ffff00,DEN_XNA
UA,DEN,PHL,39.8617,-104.6732,US,39.8719,-75.2411,US,#ffff00,DEN_PHL
UA,IAH,IND,29.9844,-95.3414,US,39.7173,-86.2944,US,#ffa500,IAH_IND
UA,EWR,IAH,40.6925,-74.1687,US,29.9844,-95.3414,US,white,EWR_IAH
UA,DEN,AMA,39.8617,-104.6732,US,35.2194,-101.7059,US,#ffff00,DEN_AMA
UA,SFO,OGG,37.6189,-122.3749,US,20.8987,-156.4305,US,#426ae1,SFO_OGG
UA,IAH,MAF,29.9844,-95.3414,US,31.9425,-102.202,US,#ffa500,IAH_MAF
UA,SFO,BOS,37.6189,-122.3749,US,42.3643,-71.0052,US,#426ae1,SFO_BOS
UA,DEN,JAC,39.8617,-104.6732,US,43.6073,-110.7378,US,#ffff00,DEN_JAC
UA,EWR,DFW,40.6925,-74.1687,US,32.8968,-97.038,US,#6cff7d,EWR_DFW
UA,DEN,BWI,39.8617,-104.6732,US,39.1754,-76.6683,US,#ffff00,DEN_BWI
UA,DEN,ATL,39.8617,-104.6732,US,33.6367,-84.4281,US,#ffff00,DEN_ATL
UA,DEN,MSN,39.8617,-104.6732,US,43.1399,-89.3375,US,#ffff00,DEN_MSN
UA,EWR,BUF,40.6925,-74.1687,US,42.9405,-78.7322,US,#6cff7d,EWR_BUF
UA,ORD,GSP,41.9786,-87.9048,US,34.8956,-82.2188,US,#ff0000,ORD_GSP
UA,ORD,MCI,41.9786,-87.9048,US,39.2976,-94.7139,US,#ff0000,ORD_MCI
UA,DEN,PSP,39.8617,-104.6732,US,33.8296,-116.5067,US,#ffff00,DEN_PSP
UA,IAH,SMF,29.9844,-95.3414,US,38.6954,-121.5908,US,#ffa500,IAH_SMF
UA,DEN,SGU,39.8617,-104.6732,US,37.0906,-113.5931,US,#ffff00,DEN_SGU
UA,IAH,TPA,29.9844,-95.3414,US,27.9755,-82.5332,US,#ffa500,IAH_TPA
UA,SFO,SAT,37.6189,-122.3749,US,29.5337,-98.4698,US,#426ae1,SFO_SAT
UA,ORD,ORF,41.9786,-87.9048,US,36.8946,-76.2012,US,#ff0000,ORD_ORF
UA,LAX,SGU,33.9425,-118.4081,US,37.0906,-113.5931,US,#00ffff,LAX_SGU
UA,ORD,ATL,41.9786,-87.9048,US,33.6367,-84.4281,US,#ff0000,ORD_ATL
UA,IAH,MCO,29.9844,-95.3414,US,28.4294,-81.309,US,#ffa500,IAH_MCO
UA,SFO,PHL,37.6189,-122.3749,US,39.8719,-75.2411,US,#426ae1,SFO_PHL
UA,LAX,AUS,33.9425,-118.4081,US,30.195,-97.67,US,#00ffff,LAX_AUS
UA,EWR,PWM,40.6925,-74.1687,US,43.6462,-70.3093,US,#6cff7d,EWR_PWM
UA,SFO,PDX,37.6189,-122.3749,US,45.5887,-122.5975,US,#426ae1,SFO_PDX
UA,DEN,MCI,39.8617,-104.6732,US,39.2976,-94.7139,US,#ffff00,DEN_MCI
UA,DEN,TUL,39.8617,-104.6732,US,36.1984,-95.8881,US,#ffff00,DEN_TUL
UA,ORD,CAE,41.9786,-87.9048,US,33.9387,-81.1195,US,#ff0000,ORD_CAE
UA,LAX,PSP,33.9425,-118.4081,US,33.8296,-116.5067,US,#00ffff,LAX_PSP
UA,IAD,GSO,38.9445,-77.4558,US,36.0977,-79.9373,US,#fd68b3,IAD_GSO
UA,DEN,PUB,39.8617,-104.6732,US,38.29,-104.4967,US,#ffff00,DEN_PUB
UA,ORD,IND,41.9786,-87.9048,US,39.7173,-86.2944,US,#ff0000,ORD_IND
UA,IAD,HSV,38.9445,-77.4558,US,34.6372,-86.7751,US,#fd68b3,IAD_HSV
UA,DEN,FSD,39.8617,-104.6732,US,43.582,-96.7419,US,#ffff00,DEN_FSD
UA,ORD,SMF,41.9786,-87.9048,US,38.6954,-121.5908,US,#ff0000,ORD_SMF
UA,DEN,LBB,39.8617,-104.6732,US,33.6633,-101.8233,US,#ffff00,DEN_LBB
UA,LAX,PRC,33.9425,-118.4081,US,34.6545,-112.4196,US,#00ffff,LAX_PRC
UA,DEN,DCA,39.8617,-104.6732,US,38.8521,-77.0377,US,#ffff00,DEN_DCA
UA,DEN,HSV,39.8617,-104.6732,US,34.6372,-86.7751,US,#ffff00,DEN_HSV
UA,LAX,SEA,33.9425,-118.4081,US,47.449,-122.3093,US,#00ffff,LAX_SEA
UA,EWR,CHS,40.6925,-74.1687,US,32.8986,-80.0405,US,#6cff7d,EWR_CHS
UA,DEN,RDM,39.8617,-104.6732,US,44.2541,-121.15,US,#ffff00,DEN_RDM
UA,SFO,OKC,37.6189,-122.3749,US,35.3931,-97.6007,US,#426ae1,SFO_OKC
UA,IAH,GPT,29.9844,-95.3414,US,30.4073,-89.0701,US,#ffa500,IAH_GPT
UA,DEN,FLL,39.8617,-104.6732,US,26.0727,-80.1527,US,#ffff00,DEN_FLL
UA,ORD,LAS,41.9786,-87.9048,US,36.0804,-115.1523,US,#ff0000,ORD_LAS
UA,ORD,MLI,41.9786,-87.9048,US,41.4485,-90.5075,US,#ff0000,ORD_MLI
UA,CLE,EWR,41.4117,-81.8498,US,40.6925,-74.1687,US,#6cff7d,CLE_EWR
UA,IAH,DAY,29.9844,-95.3414,US,39.9024,-84.2194,US,#ffa500,IAH_DAY
UA,DEN,SAN,39.8617,-104.6732,US,32.7336,-117.1897,US,#ffff00,DEN_SAN
UA,SFO,PIT,37.6189,-122.3749,US,40.4915,-80.2329,US,#426ae1,SFO_PIT
UA,ORD,DLH,41.9786,-87.9048,US,46.8421,-92.1936,US,#ff0000,ORD_DLH
UA,DEN,TYS,39.8617,-104.6732,US,35.8109,-83.994,US,#ffff00,DEN_TYS
UA,IAH,OMA,29.9844,-95.3414,US,41.3032,-95.8941,US,#ffa500,IAH_OMA
UA,IAD,BOS,38.9445,-77.4558,US,42.3643,-71.0052,US,#fd68b3,IAD_BOS
UA,EWR,IND,40.6925,-74.1687,US,39.7173,-86.2944,US,#6cff7d,EWR_IND
UA,ORD,FLL,41.9786,-87.9048,US,26.0727,-80.1527,US,#ff0000,ORD_FLL
UA,DEN,RST,39.8617,-104.6732,US,43.9083,-92.5,US,#ffff00,DEN_RST
UA,DEN,CNY,39.8617,-104.6732,US,38.755,-109.7548,US,#ffff00,DEN_CNY
UA,IAD,BTV,38.9445,-77.4558,US,44.4718,-73.1532,US,#fd68b3,IAD_BTV
UA,IAD,CVG,38.9445,-77.4558,US,39.0488,-84.6678,US,#fd68b3,IAD_CVG
UA,ORD,TUS,41.9786,-87.9048,US,32.1161,-110.941,US,#ff0000,ORD_TUS
UA,SFO,FLL,37.6189,-122.3749,US,26.0727,-80.1527,US,#426ae1,SFO_FLL
UA,ORD,OMA,41.9786,-87.9048,US,41.3032,-95.8941,US,#ff0000,ORD_OMA
UA,ORD,LAN,41.9786,-87.9048,US,42.7783,-84.5867,US,#ff0000,ORD_LAN
UA,DEN,MOT,39.8617,-104.6732,US,48.2594,-101.2803,US,#ffff00,DEN_MOT
UA,DEN,BFL,39.8617,-104.6732,US,35.4333,-119.0567,US,#ffff00,DEN_BFL
UA,IAH,CRP,29.9844,-95.3414,US,27.7704,-97.5012,US,#ffa500,IAH_CRP
UA,IAD,LGA,38.9445,-77.4558,US,40.7773,-73.8727,US,#fd68b3,IAD_LGA
UA,ORD,DTW,41.9786,-87.9048,US,42.2124,-83.3534,US,#ff0000,ORD_DTW
UA,ORD,CKB,41.9786,-87.9048,US,39.2966,-80.2281,US,#ff0000,ORD_CKB
UA,IAH,AMA,29.9844,-95.3414,US,35.2194,-101.7059,US,#ffa500,IAH_AMA
UA,DEN,COU,39.8617,-104.6732,US,38.8183,-92.22,US,#ffff00,DEN_COU
UA,ORD,BWI,41.9786,-87.9048,US,39.1754,-76.6683,US,#ff0000,ORD_BWI
UA,IAH,RSW,29.9844,-95.3414,US,26.5362,-81.7552,US,#ffa500,IAH_RSW
UA,ORD,SJC,41.9786,-87.9048,US,37.3627,-121.9291,US,#ff0000,ORD_SJC
UA,IAD,DAY,38.9445,-77.4558,US,39.9024,-84.2194,US,#fd68b3,IAD_DAY
UA,IAH,LGA,29.9844,-95.3414,US,40.7773,-73.8727,US,#ffa500,IAH_LGA
UA,DEN,RAP,39.8617,-104.6732,US,44.0453,-103.0575,US,#ffff00,DEN_RAP
UA,EWR,RIC,40.6925,-74.1687,US,37.5052,-77.3197,US,#6cff7d,EWR_RIC
UA,IAD,CKB,38.9445,-77.4558,US,39.2966,-80.2281,US,#fd68b3,IAD_CKB
UA,DEN,RKS,39.8617,-104.6732,US,41.5942,-109.0652,US,#ffff00,DEN_RKS
UA,IAD,SFO,38.9445,-77.4558,US,37.6189,-122.3749,US,white,IAD_SFO
UA,DEN,BOI,39.8617,-104.6732,US,43.5644,-116.2228,US,#ffff00,DEN_BOI
UA,EWR,GRR,40.6925,-74.1687,US,42.8808,-85.5228,US,#6cff7d,EWR_GRR
UA,EWR,ORF,40.6925,-74.1687,US,36.8946,-76.2012,US,#6cff7d,EWR_ORF
UA,DEN,LGA,39.8617,-104.6732,US,40.7773,-73.8727,US,#ffff00,DEN_LGA
UA,ORD,RSW,41.9786,-87.9048,US,26.5362,-81.7552,US,#ff0000,ORD_RSW
UA,DEN,BHM,39.8617,-104.6732,US,33.5629,-86.7535,US,#ffff00,DEN_BHM
UA,SFO,MSY,37.6189,-122.3749,US,29.9934,-90.258,US,#426ae1,SFO_MSY
UA,ORD,SGF,41.9786,-87.9048,US,37.2443,-93.3886,US,#ff0000,ORD_SGF
UA,IAD,RIC,38.9445,-77.4558,US,37.5052,-77.3197,US,#fd68b3,IAD_RIC
UA,DEN,OMA,39.8617,-104.6732,US,41.3032,-95.8941,US,#ffff00,DEN_OMA
UA,IAH,MOT,29.9844,-95.3414,US,48.2594,-101.2803,US,#ffa500,IAH_MOT
UA,IAH,SLC,29.9844,-95.3414,US,40.7884,-111.9778,US,#ffa500,IAH_SLC
UA,LAX,SFO,33.9425,-118.4081,US,37.6189,-122.3749,US,white,LAX_SFO
UA,EWR,JAX,40.6925,-74.1687,US,30.4941,-81.6879,US,#6cff7d,EWR_JAX
UA,DEN,IAH,39.8617,-104.6732,US,29.9844,-95.3414,US,white,DEN_IAH
UA,ORD,CAK,41.9786,-87.9048,US,40.916,-81.4421,US,#ff0000,ORD_CAK
UA,DEN,SEA,39.8617,-104.6732,US,47.449,-122.3093,US,#ffff00,DEN_SEA
UA,DEN,MKE,39.8617,-104.6732,US,42.9472,-87.8966,US,#ffff00,DEN_MKE
UA,ORD,ICT,41.9786,-87.9048,US,37.6499,-97.4331,US,#ff0000,ORD_ICT
UA,DEN,ORD,39.8617,-104.6732,US,41.9786,-87.9048,US,white,DEN_ORD
UA,IAD,DFW,38.9445,-77.4558,US,32.8968,-97.038,US,#fd68b3,IAD_DFW
UA,IAD,GRR,38.9445,-77.4558,US,42.8808,-85.5228,US,#fd68b3,IAD_GRR
UA,IAH,MKE,29.9844,-95.3414,US,42.9472,-87.8966,US,#ffa500,IAH_MKE
UA,IAD,PBI,38.9445,-77.4558,US,26.6832,-80.0956,US,#fd68b3,IAD_PBI
UA,SFO,RDM,37.6189,-122.3749,US,44.2541,-121.15,US,#426ae1,SFO_RDM
UA,IAD,ITH,38.9445,-77.4558,US,42.4911,-76.4586,US,#fd68b3,IAD_ITH
UA,IAH,SAV,29.9844,-95.3414,US,32.1277,-81.2021,US,#ffa500,IAH_SAV
UA,IAH,BWI,29.9844,-95.3414,US,39.1754,-76.6683,US,#ffa500,IAH_BWI
UA,SFO,XNA,37.6189,-122.3749,US,36.2819,-94.3068,US,#426ae1,SFO_XNA
UA,IAH,BDL,29.9844,-95.3414,US,41.9389,-72.6832,US,#ffa500,IAH_BDL
UA,ORD,SNA,41.9786,-87.9048,US,33.6756,-117.8682,US,#ff0000,ORD_SNA
UA,DEN,MSY,39.8617,-104.6732,US,29.9934,-90.258,US,#ffff00,DEN_MSY
UA,DEN,MMH,39.8617,-104.6732,US,37.624,-118.8378,US,#ffff00,DEN_MMH
UA,SFO,DFW,37.6189,-122.3749,US,32.8968,-97.038,US,#426ae1,SFO_DFW
UA,IAD,MSY,38.9445,-77.4558,US,29.9934,-90.258,US,#fd68b3,IAD_MSY
UA,ORD,PIT,41.9786,-87.9048,US,40.4915,-80.2329,US,#ff0000,ORD_PIT
UA,ORD,CRW,41.9786,-87.9048,US,38.3732,-81.5932,US,#ff0000,ORD_CRW
UA,IAH,LBB,29.9844,-95.3414,US,33.6633,-101.8233,US,#ffa500,IAH_LBB
UA,IAH,PDX,29.9844,-95.3414,US,45.5887,-122.5975,US,#ffa500,IAH_PDX
UA,DEN,CMH,39.8617,-104.6732,US,39.998,-82.8919,US,#ffff00,DEN_CMH
UA,ORD,SAT,41.9786,-87.9048,US,29.5337,-98.4698,US,#ff0000,ORD_SAT
UA,IAH,CAK,29.9844,-95.3414,US,40.916,-81.4421,US,#ffa500,IAH_CAK
UA,DEN,MSO,39.8617,-104.6732,US,46.9163,-114.0906,US,#ffff00,DEN_MSO
UA,ORD,CMX,41.9786,-87.9048,US,47.1683,-88.4883,US,#ff0000,ORD_CMX
UA,SFO,SBP,37.6189,-122.3749,US,35.2368,-120.6418,US,#426ae1,SFO_SBP
UA,IAH,DCA,29.9844,-95.3414,US,38.8521,-77.0377,US,#ffa500,IAH_DCA
UA,IAD,LEX,38.9445,-77.4558,US,38.0365,-84.6059,US,#fd68b3,IAD_LEX
UA,IAH,SAT,29.9844,-95.3414,US,29.5337,-98.4698,US,#ffa500,IAH_SAT
UA,ORD,GEG,41.9786,-87.9048,US,47.6198,-117.5337,US,#ff0000,ORD_GEG
UA,IAH,GRK,29.9844,-95.3414,US,31.0672,-97.8289,US,#ffa500,IAH_GRK
UA,EWR,MSN,40.6925,-74.1687,US,43.1399,-89.3375,US,#6cff7d,EWR_MSN
UA,ORD,ABE,41.9786,-87.9048,US,40.6521,-75.4408,US,#ff0000,ORD_ABE
UA,IAD,SDF,38.9445,-77.4558,US,38.1744,-85.736,US,#fd68b3,IAD_SDF
UA,IAD,SCE,38.9445,-77.4558,US,40.8493,-77.8487,US,#fd68b3,IAD_SCE
UA,DEN,GSP,39.8617,-104.6732,US,34.8956,-82.2188,US,#ffff00,DEN_GSP
UA,DEN,ORF,39.8617,-104.6732,US,36.8946,-76.2012,US,#ffff00,DEN_ORF
UA,IAH,SNA,29.9844,-95.3414,US,33.6756,-117.8682,US,#ffa500,IAH_SNA
UA,DEN,BDL,39.8617,-104.6732,US,41.9389,-72.6832,US,#ffff00,DEN_BDL
UA,IAH,BRO,29.9844,-95.3414,US,25.9068,-97.4259,US,#ffa500,IAH_BRO
UA,IAD,MHT,38.9445,-77.4558,US,42.9326,-71.4357,US,#fd68b3,IAD_MHT
UA,ORD,PNS,41.9786,-87.9048,US,30.4734,-87.1864,US,#ff0000,ORD_PNS
UA,EWR,RDU,40.6925,-74.1687,US,35.8777,-78.7875,US,#6cff7d,EWR_RDU
UA,LAX,SBP,33.9425,-118.4081,US,35.2368,-120.6418,US,#00ffff,LAX_SBP
UA,EWR,MCI,40.6925,-74.1687,US,39.2976,-94.7139,US,#6cff7d,EWR_MCI
UA,DEN,VEL,39.8617,-104.6732,US,40.4409,-109.5099,US,#ffff00,DEN_VEL
UA,DEN,ABQ,39.8617,-104.6732,US,35.0402,-106.6092,US,#ffff00,DEN_ABQ
UA,IAH,MLU,29.9844,-95.3414,US,32.5117,-92.0383,US,#ffa500,IAH_MLU
UA,IAH,SEA,29.9844,-95.3414,US,47.449,-122.3093,US,#ffa500,IAH_SEA
UA,ORD,MSY,41.9786,-87.9048,US,29.9934,-90.258,US,#ff0000,ORD_MSY
UA,HNL,SFO,21.3187,-157.9224,US,37.6189,-122.3749,US,#426ae1,HNL_SFO
UA,IAH,DFW,29.9844,-95.3414,US,32.8968,-97.038,US,#ffa500,IAH_DFW
UA,DEN,PDX,39.8617,-104.6732,US,45.5887,-122.5975,US,#ffff00,DEN_PDX
UA,DEN,SHV,39.8617,-104.6732,US,32.4466,-93.8256,US,#ffff00,DEN_SHV
UA,ORD,TUL,41.9786,-87.9048,US,36.1984,-95.8881,US,#ff0000,ORD_TUL
UA,LAX,MMH,33.9425,-118.4081,US,37.624,-118.8378,US,#00ffff,LAX_MMH
UA,IAD,PWM,38.9445,-77.4558,US,43.6462,-70.3093,US,#fd68b3,IAD_PWM
UA,EWR,MSP,40.6925,-74.1687,US,44.882,-93.2218,US,#6cff7d,EWR_MSP
UA,LAX,LIH,33.9425,-118.4081,US,21.976,-159.339,US,#00ffff,LAX_LIH
UA,ORD,SDF,41.9786,-87.9048,US,38.1744,-85.736,US,#ff0000,ORD_SDF
UA,IAH,MFE,29.9844,-95.3414,US,26.1758,-98.2386,US,#ffa500,IAH_MFE
UA,LAX,SLC,33.9425,-118.4081,US,40.7884,-111.9778,US,#00ffff,LAX_SLC
UA,IAH,BHM,29.9844,-95.3414,US,33.5629,-86.7535,US,#ffa500,IAH_BHM
UA,IAD,GSP,38.9445,-77.4558,US,34.8956,-82.2188,US,#fd68b3,IAD_GSP
UA,DEN,PIT,39.8617,-104.6732,US,40.4915,-80.2329,US,#ffff00,DEN_PIT
UA,EWR,XNA,40.6925,-74.1687,US,36.2819,-94.3068,US,#6cff7d,EWR_XNA
UA,IAH,BTR,29.9844,-95.3414,US,30.5331,-91.1496,US,#ffa500,IAH_BTR
UA,DEN,IDA,39.8617,-104.6732,US,43.5145,-112.0702,US,#ffff00,DEN_IDA
UA,DEN,FAR,39.8617,-104.6732,US,46.9207,-96.8158,US,#ffff00,DEN_FAR
UA,IAD,PIT,38.9445,-77.4558,US,40.4915,-80.2329,US,#fd68b3,IAD_PIT
UA,SFO,MCO,37.6189,-122.3749,US,28.4294,-81.309,US,#426ae1,SFO_MCO
UA,IAD,ILM,38.9445,-77.4558,US,34.2706,-77.9025,US,#fd68b3,IAD_ILM
UA,ORD,PAH,41.9786,-87.9048,US,37.0603,-88.773,US,#ff0000,ORD_PAH
UA,ORD,BTV,41.9786,-87.9048,US,44.4718,-73.1532,US,#ff0000,ORD_BTV
UA,DEN,SMF,39.8617,-104.6732,US,38.6954,-121.5908,US,#ffff00,DEN_SMF
UA,SFO,BFL,37.6189,-122.3749,US,35.4333,-119.0567,US,#426ae1,SFO_BFL
UA,IAD,ROA,38.9445,-77.4558,US,37.3255,-79.9754,US,#fd68b3,IAD_ROA
UA,ORD,SHD,41.9786,-87.9048,US,38.2638,-78.8964,US,#ff0000,ORD_SHD
UA,IAH,ONT,29.9844,-95.3414,US,34.056,-117.6012,US,#ffa500,IAH_ONT
UA,IAH,SJC,29.9844,-95.3414,US,37.3627,-121.9291,US,#ffa500,IAH_SJC
UA,IAH,MCI,29.9844,-95.3414,US,39.2976,-94.7139,US,#ffa500,IAH_MCI
UA,ORD,BHM,41.9786,-87.9048,US,33.5629,-86.7535,US,#ff0000,ORD_BHM
UA,EWR,GSO,40.6925,-74.1687,US,36.0977,-79.9373,US,#6cff7d,EWR_GSO
UA,ORD,BOS,41.9786,-87.9048,US,42.3643,-71.0052,US,#ff0000,ORD_BOS
UA,IAD,CLT,38.9445,-77.4558,US,35.214,-80.9431,US,#fd68b3,IAD_CLT
UA,DEN,LBL,39.8617,-104.6732,US,37.0442,-100.9599,US,#ffff00,DEN_LBL
UA,DEN,IAD,39.8617,-104.6732,US,38.9445,-77.4558,US,white,DEN_IAD
UA,IAH,SDF,29.9844,-95.3414,US,38.1744,-85.736,US,#ffa500,IAH_SDF
UA,EWR,MKE,40.6925,-74.1687,US,42.9472,-87.8966,US,#6cff7d,EWR_MKE
UA,DEN,STL,39.8617,-104.6732,US,38.7487,-90.37,US,#ffff00,DEN_STL
UA,IAD,BDL,38.9445,-77.4558,US,41.9389,-72.6832,US,#fd68b3,IAD_BDL
UA,SFO,MSP,37.6189,-122.3749,US,44.882,-93.2218,US,#426ae1,SFO_MSP
UA,DEN,FCA,39.8617,-104.6732,US,48.3105,-114.256,US,#ffff00,DEN_FCA
UA,ORD,MKG,41.9786,-87.9048,US,43.1695,-86.2382,US,#ff0000,ORD_MKG
UA,ORD,MSP,41.9786,-87.9048,US,44.882,-93.2218,US,#ff0000,ORD_MSP
UA,IAD,SYR,38.9445,-77.4558,US,43.1112,-76.1063,US,#fd68b3,IAD_SYR
UA,DEN,JMS,39.8617,-104.6732,US,46.9297,-98.6782,US,#ffff00,DEN_JMS
UA,DEN,HYS,39.8617,-104.6732,US,38.8422,-99.2732,US,#ffff00,DEN_HYS
UA,IAH,ATL,29.9844,-95.3414,US,33.6367,-84.4281,US,#ffa500,IAH_ATL
UA,DEN,DAY,39.8617,-104.6732,US,39.9024,-84.2194,US,#ffff00,DEN_DAY
UA,IAH,DSM,29.9844,-95.3414,US,41.5341,-93.6506,US,#ffa500,IAH_DSM
UA,ORD,MTJ,41.9786,-87.9048,US,38.5098,-107.8942,US,#ff0000,ORD_MTJ
UA,DEN,JAX,39.8617,-104.6732,US,30.4941,-81.6879,US,#ffff00,DEN_JAX
UA,LAX,RDM,33.9425,-118.4081,US,44.2541,-121.15,US,#00ffff,LAX_RDM
UA,SFO,STL,37.6189,-122.3749,US,38.7487,-90.37,US,#426ae1,SFO_STL
UA,DEN,COS,39.8617,-104.6732,US,38.8058,-104.7002,US,#ffff00,DEN_COS
UA,IAD,SAT,38.9445,-77.4558,US,29.5337,-98.4698,US,#fd68b3,IAD_SAT
UA,IAD,IAH,38.9445,-77.4558,US,29.9844,-95.3414,US,white,IAD_IAH
UA,IAD,TYS,38.9445,-77.4558,US,35.8109,-83.994,US,#fd68b3,IAD_TYS
UA,SFO,ONT,37.6189,-122.3749,US,34.056,-117.6012,US,#426ae1,SFO_ONT
UA,LAX,MRY,33.9425,-118.4081,US,36.587,-121.8429,US,#00ffff,LAX_MRY
UA,ORD,CGI,41.9786,-87.9048,US,37.2253,-89.5708,US,#ff0000,ORD_CGI
UA,SFO,ATL,37.6189,-122.3749,US,33.6367,-84.4281,US,#426ae1,SFO_ATL
UA,ORD,CHA,41.9786,-87.9048,US,35.0353,-85.2038,US,#ff0000,ORD_CHA
UA,ORD,RIC,41.9786,-87.9048,US,37.5052,-77.3197,US,#ff0000,ORD_RIC
UA,DEN,GCC,39.8617,-104.6732,US,44.3489,-105.5394,US,#ffff00,DEN_GCC
UA,IAH,PNS,29.9844,-95.3414,US,30.4734,-87.1864,US,#ffa500,IAH_PNS
UA,IAH,ECP,29.9844,-95.3414,US,30.3582,-85.7956,US,#ffa500,IAH_ECP
UA,IAD,ROC,38.9445,-77.4558,US,43.1189,-77.6724,US,#fd68b3,IAD_ROC
UA,EWR,BTV,40.6925,-74.1687,US,44.4718,-73.1532,US,#6cff7d,EWR_BTV
UA,DEN,FAT,39.8617,-104.6732,US,36.7762,-119.7181,US,#ffff00,DEN_FAT
UA,ORD,ROA,41.9786,-87.9048,US,37.3255,-79.9754,US,#ff0000,ORD_ROA
UA,ORD,DCA,41.9786,-87.9048,US,38.8521,-77.0377,US,#ff0000,ORD_DCA
UA,DEN,ASE,39.8617,-104.6732,US,39.2232,-106.8688,US,#ffff00,DEN_ASE
UA,IAD,OGS,38.9445,-77.4558,US,44.6819,-75.4656,US,#fd68b3,IAD_OGS
UA,ORD,SAN,41.9786,-87.9048,US,32.7336,-117.1897,US,#ff0000,ORD_SAN
UA,DEN,BIS,39.8617,-104.6732,US,46.774,-100.7467,US,#ffff00,DEN_BIS
UA,IAD,DTW,38.9445,-77.4558,US,42.2124,-83.3534,US,#fd68b3,IAD_DTW
UA,ORD,EAR,41.9786,-87.9048,US,40.7238,-99.0068,US,#ff0000,ORD_EAR
UA,DEN,RDU,39.8617,-104.6732,US,35.8777,-78.7875,US,#ffff00,DEN_RDU
UA,SFO,IND,37.6189,-122.3749,US,39.7173,-86.2944,US,#426ae1,SFO_IND
UA,ORD,GRB,41.9786,-87.9048,US,44.4851,-88.1296,US,#ff0000,ORD_GRB
UA,ORD,ELP,41.9786,-87.9048,US,31.8067,-106.3778,US,#ff0000,ORD_ELP
UA,DEN,ACV,39.8617,-104.6732,US,40.9781,-124.1086,US,#ffff00,DEN_ACV
UA,DEN,CVG,39.8617,-104.6732,US,39.0488,-84.6678,US,#ffff00,DEN_CVG
UA,IAD,CMH,38.9445,-77.4558,US,39.998,-82.8919,US,#fd68b3,IAD_CMH
UA,EWR,RSW,40.6925,-74.1687,US,26.5362,-81.7552,US,#6cff7d,EWR_RSW
UA,ORD,FSD,41.9786,-87.9048,US,43.582,-96.7419,US,#ff0000,ORD_FSD
UA,DEN,ELP,39.8617,-104.6732,US,31.8067,-106.3778,US,#ffff00,DEN_ELP
UA,EWR,LAX,40.6925,-74.1687,US,33.9425,-118.4081,US,white,EWR_LAX
UA,ORD,ALB,41.9786,-87.9048,US,42.7483,-73.8017,US,#ff0000,ORD_ALB
UA,ORD,COS,41.9786,-87.9048,US,38.8058,-104.7002,US,#ff0000,ORD_COS
UA,IAD,BUF,38.9445,-77.4558,US,42.9405,-78.7322,US,#fd68b3,IAD_BUF
UA,IAH,BNA,29.9844,-95.3414,US,36.1245,-86.6782,US,#ffa500,IAH_BNA
UA,IAH,MSP,29.9844,-95.3414,US,44.882,-93.2218,US,#ffa500,IAH_MSP
UA,IAH,JAN,29.9844,-95.3414,US,32.3111,-90.0759,US,#ffa500,IAH_JAN
UA,ORD,TYS,41.9786,-87.9048,US,35.8109,-83.994,US,#ff0000,ORD_TYS
UA,ORD,SEA,41.9786,-87.9048,US,47.449,-122.3093,US,#ff0000,ORD_SEA
UA,DEN,HLN,39.8617,-104.6732,US,46.6067,-111.9827,US,#ffff00,DEN_HLN
UA,ORD,LWB,41.9786,-87.9048,US,37.8583,-80.3995,US,#ff0000,ORD_LWB
UA,DEN,PAE,39.8617,-104.6732,US,47.9063,-122.2816,US,#ffff00,DEN_PAE
UA,DEN,STS,39.8617,-104.6732,US,38.509,-122.8129,US,#ffff00,DEN_STS
UA,SFO,OTH,37.6189,-122.3749,US,43.4171,-124.246,US,#426ae1,SFO_OTH
UA,ORD,OKC,41.9786,-87.9048,US,35.3931,-97.6007,US,#ff0000,ORD_OKC
UA,SFO,SLC,37.6189,-122.3749,US,40.7884,-111.9778,US,#426ae1,SFO_SLC
UA,ORD,CWA,41.9786,-87.9048,US,44.7776,-89.6668,US,#ff0000,ORD_CWA
UA,ORD,AZO,41.9786,-87.9048,US,42.2349,-85.5521,US,#ff0000,ORD_AZO
UA,ORD,CLT,41.9786,-87.9048,US,35.214,-80.9431,US,#ff0000,ORD_CLT
UA,DEN,PHX,39.8617,-104.6732,US,33.4342,-112.0115,US,#ffff00,DEN_PHX
UA,ORD,ROC,41.9786,-87.9048,US,43.1189,-77.6724,US,#ff0000,ORD_ROC
UA,HNL,IAH,21.3187,-157.9224,US,29.9844,-95.3414,US,#ffa500,HNL_IAH
UA,IAH,ELP,29.9844,-95.3414,US,31.8067,-106.3778,US,#ffa500,IAH_ELP
UA,EWR,ATL,40.6925,-74.1687,US,33.6367,-84.4281,US,#6cff7d,EWR_ATL
UA,EWR,PIT,40.6925,-74.1687,US,40.4915,-80.2329,US,#6cff7d,EWR_PIT
UA,ORD,JAX,41.9786,-87.9048,US,30.4941,-81.6879,US,#ff0000,ORD_JAX
UA,DEN,OKC,39.8617,-104.6732,US,35.3931,-97.6007,US,#ffff00,DEN_OKC
UA,IAH,HRL,29.9844,-95.3414,US,26.2285,-97.6544,US,#ffa500,IAH_HRL
UA,IAH,MSY,29.9844,-95.3414,US,29.9934,-90.258,US,#ffa500,IAH_MSY
UA,EWR,SLC,40.6925,-74.1687,US,40.7884,-111.9778,US,#6cff7d,EWR_SLC
UA,DEN,IND,39.8617,-104.6732,US,39.7173,-86.2944,US,#ffff00,DEN_IND
UA,LAX,SAN,33.9425,-118.4081,US,32.7336,-117.1897,US,#00ffff,LAX_SAN
UA,IAH,PHX,29.9844,-95.3414,US,33.4342,-112.0115,US,#ffa500,IAH_PHX
UA,EWR,MCO,40.6925,-74.1687,US,28.4294,-81.309,US,#6cff7d,EWR_MCO
UA,IAH,TUL,29.9844,-95.3414,US,36.1984,-95.8881,US,#ffa500,IAH_TUL
UA,LAX,SBA,33.9425,-118.4081,US,34.425,-119.84,US,#00ffff,LAX_SBA
UA,ORD,DFW,41.9786,-87.9048,US,32.8968,-97.038,US,#ff0000,ORD_DFW
UA,DEN,ONT,39.8617,-104.6732,US,34.056,-117.6012,US,#ffff00,DEN_ONT
UA,IAH,LRD,29.9844,-95.3414,US,27.5437,-99.4615,US,#ffa500,IAH_LRD
UA,DEN,DDC,39.8617,-104.6732,US,37.7634,-99.9656,US,#ffff00,DEN_DDC
UA,IAD,MCO,38.9445,-77.4558,US,28.4294,-81.309,US,#fd68b3,IAD_MCO
UA,ORD,LGA,41.9786,-87.9048,US,40.7773,-73.8727,US,#ff0000,ORD_LGA
UA,DEN,DVL,39.8617,-104.6732,US,48.1142,-98.9088,US,#ffff00,DEN_DVL
UA,IAD,OKC,38.9445,-77.4558,US,35.3931,-97.6007,US,#fd68b3,IAD_OKC
UA,DEN,SBP,39.8617,-104.6732,US,35.2368,-120.6418,US,#ffff00,DEN_SBP
UA,EWR,SNA,40.6925,-74.1687,US,33.6756,-117.8682,US,#6cff7d,EWR_SNA
UA,LAX,BZN,33.9425,-118.4081,US,45.7775,-111.153,US,#00ffff,LAX_BZN
UA,EWR,PVD,40.6925,-74.1687,US,41.724,-71.4282,US,#6cff7d,EWR_PVD
UA,DEN,SBA,39.8617,-104.6732,US,34.425,-119.84,US,#ffff00,DEN_SBA
UA,DEN,SAF,39.8617,-104.6732,US,35.6171,-106.0894,US,#ffff00,DEN_SAF
UA,EWR,SRQ,40.6925,-74.1687,US,27.3954,-82.5543,US,#6cff7d,EWR_SRQ
UA,ORD,XNA,41.9786,-87.9048,US,36.2819,-94.3068,US,#ff0000,ORD_XNA
UA,ORD,CMH,41.9786,-87.9048,US,39.998,-82.8919,US,#ff0000,ORD_CMH
UA,CLE,LGA,41.4117,-81.8498,US,40.7773,-73.8727,US,gray,CLE_LGA
UA,ORD,MEM,41.9786,-87.9048,US,35.0435,-89.9767,US,#ff0000,ORD_MEM
UA,DEN,SDF,39.8617,-104.6732,US,38.1744,-85.736,US,#ffff00,DEN_SDF
UA,DEN,EWR,39.8617,-104.6732,US,40.6925,-74.1687,US,white,DEN_EWR
UA,IAD,BNA,38.9445,-77.4558,US,36.1245,-86.6782,US,#fd68b3,IAD_BNA
UA,LAX,BOS,33.9425,-118.4081,US,42.3643,-71.0052,US,#00ffff,LAX_BOS
UA,IAH,HOB,29.9844,-95.3414,US,32.6875,-103.2169,US,#ffa500,IAH_HOB
UA,ORD,SRQ,41.9786,-87.9048,US,27.3954,-82.5543,US,#ff0000,ORD_SRQ
UA,EWR,PDX,40.6925,-74.1687,US,45.5887,-122.5975,US,#6cff7d,EWR_PDX
UA,DEN,ICT,39.8617,-104.6732,US,37.6499,-97.4331,US,#ffff00,DEN_ICT
UA,EWR,PBI,40.6925,-74.1687,US,26.6832,-80.0956,US,#6cff7d,EWR_PBI
UA,SFO,SBA,37.6189,-122.3749,US,34.425,-119.84,US,#426ae1,SFO_SBA
UA,IAH,HSV,29.9844,-95.3414,US,34.6372,-86.7751,US,#ffa500,IAH_HSV
UA,LAX,BWI,33.9425,-118.4081,US,39.1754,-76.6683,US,#00ffff,LAX_BWI
UA,IAD,PBG,38.9445,-77.4558,US,44.6509,-73.4681,US,#fd68b3,IAD_PBG
UA,IAD,SAV,38.9445,-77.4558,US,32.1277,-81.2021,US,#fd68b3,IAD_SAV
UA,DEN,SLN,39.8617,-104.6732,US,38.791,-97.6522,US,#ffff00,DEN_SLN
UA,ORD,ATW,41.9786,-87.9048,US,44.2581,-88.5191,US,#ff0000,ORD_ATW
UA,IAH,RDU,29.9844,-95.3414,US,35.8777,-78.7875,US,#ffa500,IAH_RDU
UA,LAX,MCO,33.9425,-118.4081,US,28.4294,-81.309,US,#00ffff,LAX_MCO
UA,IAH,SAN,29.9844,-95.3414,US,32.7336,-117.1897,US,#ffa500,IAH_SAN
UA,DEN,TUS,39.8617,-104.6732,US,32.1161,-110.941,US,#ffff00,DEN_TUS
UA,SFO,BNA,37.6189,-122.3749,US,36.1245,-86.6782,US,#426ae1,SFO_BNA
UA,SFO,TUS,37.6189,-122.3749,US,32.1161,-110.941,US,#426ae1,SFO_TUS
UA,EWR,SFO,40.6925,-74.1687,US,37.6189,-122.3749,US,white,EWR_SFO
UA,EWR,SYR,40.6925,-74.1687,US,43.1112,-76.1063,US,#6cff7d,EWR_SYR
UA,DEN,CID,39.8617,-104.6732,US,41.8847,-91.7108,US,#ffff00,DEN_CID
UA,ORD,MSN,41.9786,-87.9048,US,43.1399,-89.3375,US,#ff0000,ORD_MSN
UA,IAH,MIA,29.9844,-95.3414,US,25.7933,-80.2906,US,#ffa500,IAH_MIA
UA,EWR,BOS,40.6925,-74.1687,US,42.3643,-71.0052,US,#6cff7d,EWR_BOS
UA,DEN,LIT,39.8617,-104.6732,US,34.7294,-92.2242,US,#ffff00,DEN_LIT
UA,DVL,JMS,48.1142,-98.9088,US,46.9297,-98.6782,US,gray,DVL_JMS
UA,LAX,MSN,33.9425,-118.4081,US,43.1399,-89.3375,US,#00ffff,LAX_MSN
UA,IAH,JAX,29.9844,-95.3414,US,30.4941,-81.6879,US,#ffa500,IAH_JAX
UA,DEN,GEG,39.8617,-104.6732,US,47.6198,-117.5337,US,#ffff00,DEN_GEG
UA,ORD,GSO,41.9786,-87.9048,US,36.0977,-79.9373,US,#ff0000,ORD_GSO
UA,IAH,LIT,29.9844,-95.3414,US,34.7294,-92.2242,US,#ffa500,IAH_LIT
UA,IAD,AVP,38.9445,-77.4558,US,41.3384,-75.7234,US,#fd68b3,IAD_AVP
UA,IAD,SEA,38.9445,-77.4558,US,47.449,-122.3093,US,#fd68b3,IAD_SEA
UA,EWR,MEM,40.6925,-74.1687,US,35.0435,-89.9767,US,#6cff7d,EWR_MEM
UA,IAD,LAS,38.9445,-77.4558,US,36.0804,-115.1523,US,#fd68b3,IAD_LAS
UA,ORD,TVC,41.9786,-87.9048,US,44.74,-85.5817,US,#ff0000,ORD_TVC
UA,IAH,PHL,29.9844,-95.3414,US,39.8719,-75.2411,US,#ffa500,IAH_PHL
UA,SFO,BWI,37.6189,-122.3749,US,39.1754,-76.6683,US,#426ae1,SFO_BWI
UA,SFO,RNO,37.6189,-122.3749,US,39.4991,-119.7681,US,#426ae1,SFO_RNO
UA,IAD,SAN,38.9445,-77.4558,US,32.7336,-117.1897,US,#fd68b3,IAD_SAN
UA,ORD,SYR,41.9786,-87.9048,US,43.1112,-76.1063,US,#ff0000,ORD_SYR
UA,IAH,PBI,29.9844,-95.3414,US,26.6832,-80.0956,US,#ffa500,IAH_PBI
UA,SFO,LAS,37.6189,-122.3749,US,36.0804,-115.1523,US,#426ae1,SFO_LAS
UA,IAD,JAX,38.9445,-77.4558,US,30.4941,-81.6879,US,#fd68b3,IAD_JAX
UA,ORD,CHS,41.9786,-87.9048,US,32.8986,-80.0405,US,#ff0000,ORD_CHS
UA,DEN,SFO,39.8617,-104.6732,US,37.6189,-122.3749,US,white,DEN_SFO
UA,DEN,BOS,39.8617,-104.6732,US,42.3643,-71.0052,US,#ffff00,DEN_BOS
UA,DEN,BNA,39.8617,-104.6732,US,36.1245,-86.6782,US,#ffff00,DEN_BNA
UA,ORD,RDU,41.9786,-87.9048,US,35.8777,-78.7875,US,#ff0000,ORD_RDU
UA,EWR,TYS,40.6925,-74.1687,US,35.8109,-83.994,US,#6cff7d,EWR_TYS
UA,IAD,CHS,38.9445,-77.4558,US,32.8986,-80.0405,US,#fd68b3,IAD_CHS
UA,EWR,SAN,40.6925,-74.1687,US,32.7336,-117.1897,US,#6cff7d,EWR_SAN
